ea267d9b-ac29-4476-b500-427f57730c55,Browning Delaney,browning94,browning_delaney@assistix.furniture,Assistix,39.903236,158.226123,4ef45092-0378-407b-8054-fa6316f8f3d4,admin,2019-05-11T15:04:43.186Z
2aee4d5e-91ea-418d-a18d-2fcdf2b113cb,Tonia Weaver,tonia89,tonia_weaver@retrack.cool,Retrack,-82.485331,-2.125309,4ec24e04-1c28-4933-b194-7b0db1bc7200,admin,2019-01-22T16:38:41.626Z
693f7c9f-488f-4136-a5dc-836d4a19e789,Parks Vargas,parks93,parks_vargas@comtour.kw,Comtour,-61.204913,-125.489201,e505da96-0427-45c0-8d1b-67dc91b01440,reports,2019-08-11T08:50:28.556Z
a2af2182-b930-4f55-a20f-b9f7a762e725,Ayala Avila,ayala93,ayala_avila@inrt.surf,Inrt,26.802295,157.684035,8f89cc7b-0250-4e6b-8faa-4c1bcb9021a4,admin,2020-11-20T00:26:00.777Z
dfd69811-53e1-42cf-9d38-76ca7e77d36d,Summers Roman,summers90,summers_roman@entogrok.wien,,-61.022572,-46.467853,9e825d79-5461-4bcf-a817-251bb82a0a5f,reports,2018-05-05T21:38:47.570Z
ca87a468-5280-4848-a993-98594c0a5b17,Randall Griffith,randall94,randall_griffith@comvex.pf,Comvex,-83.900987,-133.528081,70b12679-999e-4fbf-b2ce-af3f37bc42c3,read+write,2018-12-16T08:00:43.183Z
1678c256-a59e-48ad-82fc-717631542378,Powell Cross,powell89,powell_cross@acium.jll,Acium,0.243402,179.067656,bcabe4d1-0a66-41cc-83c9-8561bcbf5bd9,admin,2019-09-11T18:17:28.275Z
e3a417d6-18bf-4255-98f0-97144e52fee5,Staci Parrish,staci92,staci_parrish@overfork.forsale,Overfork,-13.817913,-17.675729,e73ce279-7ca6-40fd-a1b7-6283170bb5c1,reports,2020-06-28T06:08:06.644Z
3284473e-f060-4c00-a0f1-524b9e9f567a,Misty Lawrence,misty93,misty_lawrence@xplor.aquarelle,Xplor,-11.545647,179.107023,fef5053a-1098-42aa-949c-fed1a9976037,reports,2020-06-22T00:21:04.054Z
fd3cbcf4-bc01-4d12-a7e3-5255d7721168,Zamora Gibbs,zamora93,zamora_gibbs@sulfax.horse,,4.225879,-116.984503,5d60e5cb-75e7-4072-90c7-448a09c89c49,admin,2018-04-21T02:17:56.944Z
88a58182-2cc4-4a3f-9afe-088da6afe02a,Riley Wynn,riley91,riley_wynn@amtas.pg,Amtas,51.958727,-154.789139,1523dede-4719-4c24-9620-681731c55894,reports,2019-05-14T07:15:36.714Z
1c74a3c9-9f18-4a24-b9cf-037b3d9b9cf8,Nash Keith,nash93,nash_keith@rotodyne.archi,Rotodyne,19.366824,-97.940711,6ed943c5-eea3-4c39-9c59-f4293483b73a,read+write,2019-11-04T22:01:24.475Z
58eb3870-1400-4918-bc23-0277a077671f,Rosa Pearson,rosa94,rosa_pearson@cinesanct.koeln,,47.257728,86.798318,9fcbb063-9f88-47e1-bfd7-daffc98a3a13,admin,2018-02-08T18:26:24.037Z
d9792b2b-a977-4f9b-99b3-d1c126cf49bb,Briana Walter,briana92,briana_walter@zomboid.reisen,Zomboid,50.298955,166.425904,34e7592b-4af0-432c-a6e3-e6d193c4685a,read+write,2018-07-25T17:36:37.416Z
2ab2ee70-e5e3-4a77-a79b-3a3195e16519,Marion Wall,marion94,marion_wall@essensia.weir,Essensia,-67.406672,114.309911,0aee9974-cccc-454c-9184-0b59b3455f71,reports,2019-08-01T17:40:54.409Z
d2c2f5c6-f67c-4092-83a5-8219bdebdadb,Haley Holland,haley94,haley_holland@renovize.versicherung,Renovize,-17.570764,-173.382009,b6a96fb1-ba1d-445f-a1cf-1d6828d353a2,admin,2018-07-12T04:08:11.123Z
4d019f96-aa1d-4aef-9848-5bf170f3013e,Baird Patton,baird88,baird_patton@zaj.whoswho,Zaj,-28.682309,61.238735,ae49b49f-5c89-4eb6-9159-c28229212473,read+write,2018-05-28T11:58:18.783Z
0f79a0a4-246b-42c5-b0dd-c3fc0e5100de,Salazar Glover,salazar88,salazar_glover@zenco.sex,Zenco,-84.658378,-15.324595,b5f87aab-2067-4602-94bd-91713c5d15f4,read+write,2020-02-23T18:08:36.110Z
f27ad9d6-0f27-4dfd-83b8-a41bb76f7d9c,Mcgowan Dominguez,mcgowan91,mcgowan_dominguez@insurity.allfinanz,Insurity,-16.108022,-36.619828,0a89ab53-1d1b-4cea-820a-b5d8da338b79,read+write,2020-10-11T04:02:13.284Z
6db00393-c029-47ee-8b44-6edf31007709,Beth Ware,beth91,beth_ware@ersum.town,Ersum,-40.089331,38.202445,7c66571b-c446-4391-898d-02c9171350de,read,2019-10-18T22:53:09.734Z
9c389ab3-5019-4849-84ee-bef99d44965f,Kitty Wilson,kitty89,kitty_wilson@furnigeer.meme,Furnigeer,-58.070786,172.804653,f273cfa2-9211-438e-97dc-5ae6191dc861,read,2020-05-03T06:46:21.957Z
cf64d4da-40e0-454d-9380-5edc1926e791,King Atkins,king92,king_atkins@blanet.rio,Blanet,-0.297875,-115.794367,64d9aaa5-69e2-461f-89e8-5f104ddd6ab9,read+write,2020-02-11T15:04:35.381Z
2920d418-8a50-4228-9e6e-f4e1d874e26b,Sharlene Rodgers,sharlene94,sharlene_rodgers@kongle.name,Kongle,-63.835452,64.189053,c1d2efbb-93f7-4e25-b64e-e360c4aa38b2,read,2019-11-30T04:34:54.268Z
a142b624-02aa-425c-a487-d66b2fa93ea0,Aimee Ferrell,aimee93,aimee_ferrell@entality.pa,Entality,-32.891955,-154.712425,0a11ae32-f177-4dbd-8636-cec55c32bb30,read,2020-11-24T23:29:55.839Z
bc56a221-a6b0-4911-ac9a-1bd6ab19a2e3,Phillips Rollins,phillips94,phillips_rollins@dreamia.style,Dreamia,68.477682,130.911795,475353a4-04c6-4f63-9a32-db7416f04f1f,admin,2018-12-09T20:37:58.035Z
207fb7e7-4cc8-4b2d-bb61-4dfbf677a217,Gail Riddle,gail94,gail_riddle@farmage.org,Farmage,25.490805,73.878486,49e9de00-1f6a-4ea9-8fc2-bd419dcf82e6,reports,2019-11-22T13:45:13.593Z
7b169044-4783-432a-a532-eee1200de4c8,Banks Sears,banks94,banks_sears@flumbo.beer,Flumbo,88.762597,25.943174,111b53db-1f57-4db2-82fe-4bc0a4d25f84,admin,2019-09-05T23:50:08.485Z
f1f37bcf-bb98-47e8-9d4a-a68922039d8a,Lawanda Hess,lawanda93,lawanda_hess@zentime.kaufen,Zentime,-56.743859,-18.118706,495a73b8-606d-44d2-b24c-6e3b7c119208,read+write,2018-04-02T11:33:48.093Z
441b838c-8986-43c7-97e5-b3aad5504d41,Mills Nguyen,mills91,mills_nguyen@geoform.plus,Geoform,-55.053329,114.547431,f3b4f3c1-179f-4e03-84d1-7b4a55ebb197,read+write,2020-03-26T11:32:59.548Z
3c2834ed-1632-4582-b3aa-b52e96c01545,Warner Bowen,warner93,warner_bowen@xoggle.sm,Xoggle,60.057715,-165.174173,30a83470-0620-4106-8008-05d4212ace98,read+write,2019-05-06T15:48:50.441Z
2725e6bb-ccfe-424a-a2ba-78d801231cb7,Nichole Woodward,nichole94,nichole_woodward@medesign.np,Medesign,-16.664123,86.456226,a20975ca-d0bc-4602-a1ad-036f637faeeb,read,2018-11-04T10:06:46.483Z
76070002-5fd9-477a-8e52-d52f5c3cac1d,Mendoza Lawson,mendoza94,mendoza_lawson@zensor.condos,Zensor,41.162398,-74.384685,b00c9f41-6de9-4d74-9546-e7f67a97b3ff,admin,2019-02-17T20:24:42.666Z
52549bdb-3980-4821-adb1-348c3d5974de,Bailey Wheeler,bailey90,bailey_wheeler@schoolio.ke,Schoolio,-76.911639,113.350487,9d5e13f4-0082-409f-acf4-176eea40dc5f,admin,2018-03-15T09:10:27.101Z
b7396ccd-b6b3-4d2f-9c9a-6a5a52adc00d,Patton Bass,patton94,patton_bass@netility.expert,Netility,60.923226,171.584469,78243438-c8d7-4115-a352-54e8f0195c91,admin,2020-07-27T09:08:37.008Z
ffa8799d-7a43-49fe-abf8-df012e2ef16b,Frye Bailey,frye91,frye_bailey@gushkool.mormon,Gushkool,-86.409782,30.137537,26690fb9-fc08-4dd3-b93d-b5d77e09815b,read,2020-07-17T13:39:48.449Z
fb1dd26a-3b72-48b1-9568-4fdea40a20f6,Dawn Cook,dawn89,dawn_cook@xurban.cern,Xurban,-32.779633,70.521576,3751e5b1-b8e2-446b-a3b9-eeaa649a9eb0,read,2019-05-08T12:40:21.131Z
4f324215-e6e8-4483-826e-302facd04153,Lorraine Christian,lorraine92,lorraine_christian@canopoly.marketing,Canopoly,45.375591,113.658125,4d819ff5-1d41-4a0d-9b1f-1f4ae089656b,read+write,2019-03-20T03:12:35.915Z
e06d9e92-5953-4a99-9522-f539480628bc,Clements Buckley,clements91,clements_buckley@zolarex.bridgestone,Zolarex,-24.221194,119.719806,7ab46017-8cf5-4a25-8a89-94c1dc77a842,reports,2018-12-31T00:59:56.152Z
a4fe3c87-d4ac-4beb-b347-991db7c37ad2,Mildred Black,mildred89,mildred_black@vinch.clothing,Vinch,-89.100562,-69.634809,fcb4f497-a4ed-4be2-b078-f4d145beaa1c,read,2020-09-07T22:26:14.683Z
e3bda465-cabc-4baf-9e58-75df4a2f87fb,Malone Valdez,malone93,malone_valdez@satiance.bingo,Satiance,25.408341,-30.116472,0d85a0b9-1794-401c-8d06-fdc2864aafc9,admin,2018-05-12T10:39:00.918Z
195ef3d6-e5a5-4c56-837f-dc619c320c9b,Oneal Salas,oneal92,oneal_salas@xelegyl.gift,Xelegyl,75.254064,177.936217,c25ea0ae-dc6f-4def-a023-3f55502a7074,admin,2019-10-27T21:05:34.316Z
9f596935-12ff-4924-a328-d8e8ffa85287,Marci Kelley,marci90,marci_kelley@tri@tribalog.dz,Tri@Tribalog,71.586551,113.753619,ef3805b3-e60f-472f-a588-b5e746d5de39,reports,2019-04-08T23:20:23.698Z
d072ec0b-d91a-4bab-842b-85122b0477cb,Dana Baird,dana88,dana_baird@nurali.faith,Nurali,-45.953826,90.985164,ca73bfac-d4d9-4e15-b8ad-0042d051f7c1,read,2019-09-04T05:44:55.785Z
a6aeddfb-26c9-4349-b644-6f481403237f,Miranda Owens,miranda89,miranda_owens@proflex.bo,Proflex,-24.553614,26.330786,f2b60886-c899-4d2f-b8ff-d6f0b55577e0,admin,2019-10-07T18:50:54.296Z
1780571e-6be6-4126-af5e-9148deaa701a,Monroe Grant,monroe92,monroe_grant@primordia.agency,Primordia,-15.368953,151.852108,303c87bc-6776-4b6e-9287-f5ebbd44b27e,read,2019-07-31T19:16:39.545Z
a3d81e3c-34f9-40ff-9d1e-d1d43b70b4c3,Leonor Knox,leonor88,leonor_knox@isologia.crs,Isologia,-46.048004,157.845803,f7d39cd3-a99d-423e-ba04-0541b638609e,read,2019-12-14T06:00:27.482Z
2ae90928-b3e4-4428-940c-77444d525b61,Farmer Dunlap,farmer88,farmer_dunlap@tersanki.dental,Tersanki,40.657893,122.645087,2419aa5a-cd26-4587-994d-7d869f65f733,admin,2019-10-06T03:41:57.105Z
2cf6ca72-8f59-482d-90f3-8a4e68aa8ce4,Holly Rogers,holly94,holly_rogers@gazak.ing,Gazak,71.834509,-160.741464,a50d4466-97d4-46f2-93d2-696248c22a04,read,2020-03-29T04:20:49.734Z
8af9c328-3f7c-4815-a4ad-58e259bc3991,Lindsay Oliver,lindsay94,lindsay_oliver@maineland.suzuki,Maineland,63.670567,-74.260224,09b69948-c45c-44ad-8752-a20d1a42e40b,admin,2019-11-16T20:27:00.423Z
e62059f7-6c5f-4da7-99bb-6015510c5f06,Lancaster Ramsey,lancaster90,lancaster_ramsey@kangle.website,Kangle,-55.589647,71.809183,086fd370-cf8a-4c68-b011-d382de8f748a,admin,2018-06-29T04:07:35.485Z
a95ef980-9db1-4d78-b6c7-f29d6da1209d,Castro Barrera,castro94,castro_barrera@kneedles.aero,Kneedles,51.271685,13.183398,a387d987-2beb-48cf-9924-8e1366c49d95,read+write,2019-08-19T21:35:53.683Z
